State_ANSI,County_ANSI,Ag_District_Code,Colonies_2002,Colonies_2007,Colonies_2012,Colonies_2017
1,0,NULL,19592,NULL,NULL,NULL
1,1,40,212,201,119,137
1,3,50,1802,275,256,376
1,5,60,NULL,NULL,NULL,NULL
1,7,30,NULL,NULL,NULL,NULL
1,9,20,107,344,470,132
1,11,40,NULL,NULL,NULL,NULL
1,13,50,NULL,NULL,NULL,NULL
1,15,20,99,231,207,391
1,17,30,17,NULL,NULL,37
1,19,20,12,282,70,139
1,21,30,NULL,NULL,NULL,NULL
1,23,50,NULL,NULL,NULL,NULL
1,25,50,NULL,NULL,NULL,NULL
1,27,30,NULL,NULL,NULL,NULL
1,29,20,35,60,128,NULL
1,31,60,33,18,12,32
1,33,10,NULL,NULL,NULL,NULL
1,35,50,27,26,10,65
1,37,30,NULL,NULL,NULL,NULL
1,39,60,56,75,199,221
1,41,60,NULL,NULL,NULL,NULL
1,43,20,129,215,219,90
1,45,60,246,76,106,73
1,47,40,NULL,NULL,NULL,NULL
1,49,20,693,643,379,74
1,51,40,NULL,NULL,NULL,NULL
1,53,50,NULL,NULL,NULL,NULL
1,55,20,151,193,469,368
1,57,30,NULL,NULL,NULL,NULL
1,59,10,NULL,NULL,NULL,NULL
1,61,60,NULL,NULL,NULL,NULL
1,63,40,NULL,NULL,NULL,NULL
1,65,40,NULL,NULL,NULL,NULL
1,67,60,NULL,NULL,NULL,NULL
1,69,60,NULL,NULL,NULL,NULL
1,71,20,NULL,NULL,NULL,NULL
1,73,30,216,311,266,125
1,75,30,85,43,15,48
1,77,10,110,42,188,82
1,79,10,8,51,77,158
1,81,30,NULL,NULL,NULL,NULL
1,83,10,168,276,615,668
1,85,40,2500,NULL,NULL,196
1,87,40,NULL,NULL,NULL,NULL
1,89,10,1060,1231,842,847
1,91,40,NULL,NULL,NULL,NULL
1,93,10,105,42,41,22
1,95,20,132,285,69,140
1,97,50,4438,862,721,318
1,99,50,NULL,NULL,NULL,NULL
1,101,40,2381,1352,NULL,50
1,103,10,10,215,122,178
1,105,40,NULL,NULL,NULL,NULL
1,107,30,NULL,NULL,NULL,NULL
1,109,60,NULL,NULL,NULL,NULL
1,111,30,9,76,99,81
1,113,60,NULL,NULL,NULL,NULL
1,115,20,95,176,56,94
1,117,30,81,171,224,201
1,119,40,6,23,46,46
1,121,30,135,64,75,682
1,123,30,2399,NULL,NULL,NULL
1,125,30,NULL,NULL,NULL,NULL
1,127,30,22,177,183,122
1,129,50,NULL,NULL,NULL,NULL
1,131,50,NULL,NULL,NULL,NULL
1,133,10,16,43,72,114
2,0,NULL,94,NULL,NULL,NULL
4,0,NULL,38864,NULL,NULL,NULL
4,1,10,5,NULL,22,43
4,3,80,1201,1421,3615,422
4,5,10,NULL,NULL,NULL,NULL
4,7,10,NULL,NULL,NULL,NULL
4,9,80,NULL,NULL,NULL,NULL
4,11,80,NULL,NULL,NULL,NULL
4,12,80,NULL,NULL,NULL,NULL
4,13,80,16223,17552,23212,13396
4,15,10,25,NULL,7,31
4,17,10,NULL,NULL,NULL,NULL
4,19,80,3341,1990,8872,2912
4,21,80,754,3234,4065,3708
4,23,80,NULL,NULL,NULL,NULL
4,25,10,245,266,NULL,324
4,27,80,14833,10062,7881,4348
5,0,NULL,38924,NULL,NULL,NULL
5,1,60,NULL,NULL,NULL,NULL
5,3,90,NULL,NULL,NULL,NULL
5,5,20,304,383,117,93
5,7,10,277,177,155,744
5,9,10,366,528,148,153
5,11,80,12,NULL,NULL,16
5,13,80,NULL,NULL,NULL,NULL
5,15,10,103,40,110,100
5,17,90,NULL,NULL,NULL,NULL
5,19,80,41,NULL,39,28
5,21,30,180,29,50,50
5,23,20,47,48,NULL,63
5,25,80,NULL,NULL,NULL,NULL
5,27,80,NULL,NULL,NULL,NULL
5,29,50,163,36,37,51
5,31,30,14467,9773,NULL,9268
5,33,40,88,140,51,88
5,35,60,NULL,NULL,NULL,NULL
5,37,60,1100,160,NULL,61
5,39,80,NULL,NULL,NULL,NULL
5,41,90,877,NULL,NULL,NULL
5,43,90,18,NULL,19,15
5,45,50,145,133,236,281
5,47,40,151,23,72,162
5,49,20,15,27,19,145
5,51,50,58,191,22,198
5,53,50,152,68,NULL,64
5,55,30,359,NULL,NULL,29
5,57,70,NULL,NULL,NULL,NULL
5,59,50,22,208,60,90
5,61,70,NULL,NULL,NULL,NULL
5,63,30,274,659,NULL,596
5,65,20,31,NULL,19,20
5,67,30,NULL,NULL,NULL,NULL
5,69,90,348,225,NULL,4
5,71,40,124,9,26,264
5,73,70,NULL,NULL,NULL,NULL
5,75,30,230,NULL,16,135
5,77,60,NULL,NULL,NULL,NULL
5,79,90,NULL,NULL,NULL,NULL
5,81,70,NULL,NULL,NULL,NULL
5,83,40,52,68,36,172
5,85,60,512,150,36,43
5,87,10,126,120,99,131
5,89,20,63,83,32,145
5,91,70,NULL,NULL,NULL,NULL
5,93,30,629,1520,810,NULL
5,97,70,NULL,NULL,NULL,NULL
5,99,80,NULL,NULL,NULL,NULL
5,101,10,9,112,88,16
5,103,80,NULL,NULL,NULL,NULL
5,105,50,9,23,18,35
5,107,60,NULL,NULL,NULL,NULL
5,109,70,NULL,NULL,NULL,NULL
5,111,30,NULL,NULL,NULL,NULL
5,113,40,30,55,45,70
5,115,40,188,241,137,136
5,117,60,146,NULL,NULL,NULL
5,119,50,403,207,228,247
5,121,30,NULL,NULL,NULL,NULL
5,123,60,NULL,NULL,NULL,NULL
5,125,50,84,25,NULL,380
5,127,40,11,41,NULL,42
5,129,20,17,19,26,28
5,131,40,210,148,50,117
5,133,70,NULL,NULL,NULL,NULL
5,135,20,71,NULL,NULL,NULL
5,137,20,332,NULL,883,789
5,139,80,501,913,NULL,19
5,141,20,NULL,NULL,NULL,NULL
5,143,10,136,161,134,256
5,145,30,NULL,NULL,NULL,NULL
5,147,60,450,570,NULL,NULL
5,149,40,20,25,85,155
6,0,NULL,484510,NULL,NULL,NULL
6,1,40,NULL,NULL,NULL,NULL
6,3,60,NULL,NULL,NULL,NULL
6,5,60,NULL,NULL,NULL,NULL
6,7,50,14906,11800,24423,71961
6,9,60,NULL,NULL,NULL,NULL
6,11,50,8480,6729,4855,17855
6,13,40,1935,NULL,229,3859
6,15,10,NULL,NULL,NULL,NULL
6,17,60,907,383,533,826
6,19,51,23627,66117,57324,61634
6,21,50,22330,17543,51140,50908
6,23,10,1785,614,213,396
6,25,80,24652,38276,33126,46786
6,27,60,NULL,NULL,NULL,NULL
6,29,51,34653,60814,129731,166984
6,31,51,4642,11403,17049,6301
6,33,40,302,24,165,178
6,35,30,87,3,NULL,48
6,37,80,4998,5043,9441,4384
6,39,51,12140,19594,66088,59899
6,41,40,NULL,NULL,NULL,NULL
6,43,60,24,NULL,24,NULL
6,45,10,1253,324,381,1075
6,47,51,30913,58789,67350,73045
6,49,30,NULL,NULL,NULL,NULL
6,51,60,NULL,NULL,NULL,NULL
6,53,40,NULL,NULL,NULL,NULL
6,55,40,NULL,NULL,NULL,NULL
6,57,60,1547,1344,2212,2163
6,59,80,1634,1879,NULL,NULL
6,61,60,5210,3454,14533,NULL
6,63,30,NULL,NULL,NULL,NULL
6,65,80,16407,18241,23486,28550
6,67,50,10619,7062,24510,27226
6,69,40,865,NULL,NULL,18
6,71,80,25683,40729,54673,57866
6,73,80,24327,34383,43711,31212
6,75,40,NULL,NULL,NULL,NULL
6,77,51,9027,19280,10597,4024
6,79,40,843,3277,643,3949
6,81,40,248,485,332,550
6,83,80,NULL,NULL,NULL,NULL
6,85,40,354,130,233,1612
6,87,40,2923,2037,1666,102
6,89,20,23536,24846,36305,32297
6,91,60,NULL,NULL,NULL,NULL
6,93,20,35,2122,1519,296
6,95,50,8506,NULL,6992,11037
6,97,40,5660,1961,2956,631
6,99,51,18252,16405,25673,23003
6,101,50,21453,12028,16176,23691
6,103,50,6063,10104,14427,28471
6,105,20,66,32,76,137
6,107,51,60398,59765,47855,88321
6,109,60,658,1088,265,1628
6,111,80,6503,6935,7886,16064
6,113,50,13719,26149,23261,39752
6,115,50,2674,1740,1828,2806
8,0,NULL,26463,NULL,NULL,NULL
8,1,60,55,196,69,226
8,3,80,NULL,NULL,NULL,NULL
8,5,60,NULL,NULL,NULL,NULL
8,7,70,NULL,NULL,NULL,NULL
8,9,90,NULL,NULL,NULL,NULL
8,11,90,5273,NULL,6724,NULL
8,13,20,197,214,233,503
8,14,20,NULL,NULL,NULL,NULL
8,15,10,NULL,NULL,NULL,NULL
8,19,10,NULL,NULL,NULL,NULL
8,21,80,2000,NULL,1725,NULL
8,23,80,NULL,NULL,NULL,NULL
8,25,90,NULL,NULL,NULL,NULL
8,27,90,87,NULL,82,38
8,29,70,16,NULL,NULL,335
8,31,60,NULL,NULL,NULL,NULL
8,33,70,NULL,NULL,NULL,NULL
8,35,60,316,110,234,298
8,37,10,NULL,NULL,NULL,NULL
8,39,60,407,177,160,122
8,41,60,263,156,103,341
8,43,90,913,780,465,470
8,45,70,NULL,NULL,NULL,NULL
8,49,10,4,NULL,NULL,9
8,51,10,NULL,NULL,NULL,NULL
8,55,90,NULL,NULL,NULL,NULL
8,57,10,NULL,NULL,NULL,NULL
8,59,20,58,25,58,116
8,63,60,NULL,NULL,NULL,NULL
8,67,70,NULL,NULL,NULL,NULL
8,69,20,314,895,470,744
8,71,90,NULL,NULL,NULL,NULL
8,73,60,NULL,NULL,NULL,NULL
8,75,20,16,22,604,53
8,77,70,857,736,153,337
8,81,10,10,NULL,NULL,28
8,83,70,134,127,93,51
8,85,70,331,739,779,610
8,87,20,NULL,NULL,NULL,NULL
8,89,90,NULL,NULL,NULL,NULL
8,91,70,NULL,NULL,NULL,NULL
8,93,10,NULL,NULL,NULL,NULL
8,95,60,NULL,NULL,NULL,NULL
8,97,10,NULL,NULL,NULL,NULL
8,99,90,NULL,NULL,NULL,NULL
8,101,90,452,1009,NULL,NULL
8,103,10,NULL,NULL,NULL,NULL
8,105,80,NULL,NULL,NULL,NULL
8,107,10,23,NULL,1415,117
8,109,80,605,NULL,NULL,43
8,113,70,NULL,NULL,NULL,NULL
8,115,20,NULL,NULL,NULL,NULL
8,119,10,NULL,NULL,NULL,NULL
8,121,60,NULL,NULL,NULL,NULL
8,123,20,NULL,NULL,NULL,NULL
8,125,60,NULL,NULL,NULL,NULL
9,0,NULL,4071,NULL,NULL,NULL
9,1,10,376,197,444,499
9,3,10,1405,525,884,483
9,5,10,749,1478,961,1331
9,7,10,13,61,102,195
9,9,10,601,1109,1560,1141
9,11,10,297,643,658,1213
9,13,10,153,128,212,236
9,15,10,477,286,818,570
10,0,NULL,452,NULL,NULL,NULL
10,1,50,204,NULL,207,141
10,3,20,14,NULL,185,138
10,5,80,234,250,425,237
12,0,NULL,226332,NULL,NULL,NULL
12,1,50,3292,2966,10589,20306
12,3,30,NULL,NULL,NULL,NULL
12,5,10,1402,410,327,885
12,7,50,NULL,NULL,NULL,NULL
12,9,80,3106,2675,9452,6498
12,11,80,2000,2224,1560,1707
12,13,10,1631,NULL,NULL,950
12,15,80,6800,5224,NULL,1559
12,17,50,875,2731,NULL,NULL
12,19,50,214,60,237,221
12,21,80,4152,3956,2813,2668
12,23,30,2720,2829,NULL,1812
12,27,80,8835,7071,11361,10514
12,29,30,NULL,NULL,NULL,NULL
12,31,30,150,236,215,578
12,33,10,1906,1125,193,868
12,35,50,NULL,NULL,NULL,NULL
12,37,10,3200,NULL,NULL,2070
12,39,10,322,261,136,427
12,41,50,6,NULL,268,295
12,43,80,NULL,NULL,NULL,NULL
12,45,10,2731,2112,NULL,1677
12,47,30,NULL,NULL,NULL,NULL
12,49,80,5914,4404,2837,8894
12,51,80,3024,10709,3489,7606
12,53,50,7,281,444,195
12,55,80,2938,1793,4655,6642
12,57,50,5438,5949,1845,2894
12,59,10,199,49,17,143
12,61,80,2799,5584,6068,967
12,63,10,620,NULL,850,1197
12,65,10,NULL,NULL,NULL,NULL
12,67,30,NULL,NULL,NULL,NULL
12,69,50,24895,21653,16173,15194
12,71,80,10292,11041,3608,6313
12,73,10,NULL,NULL,NULL,NULL
12,75,50,165,2201,134,692
12,77,10,9305,5726,7200,11703
12,79,30,170,312,451,123
12,81,80,7464,4308,7843,12257
12,83,50,1442,984,5829,2591
12,85,80,1298,799,623,8136
12,86,80,4238,5883,5099,15155
12,87,80,NULL,NULL,NULL,NULL
12,89,30,156,168,133,148
12,91,10,1806,108,71,2356
12,93,80,323,NULL,NULL,NULL
12,95,50,4831,1434,769,1128
12,97,50,2120,NULL,19,1479
12,99,80,10892,10301,15291,15830
12,101,50,3084,NULL,NULL,1313
12,103,50,132,92,142,1065
12,105,50,14856,11197,17570,14379
12,107,50,NULL,NULL,NULL,NULL
12,109,50,12,NULL,NULL,2272
12,111,80,3135,NULL,6714,NULL
12,113,10,1266,196,150,558
12,115,80,1840,NULL,1543,310
12,117,50,184,6,225,1235
12,119,50,33,6,6,135
12,121,30,7,15,10,957
12,123,30,NULL,NULL,NULL,NULL
12,125,50,120,241,229,569
12,127,50,NULL,NULL,NULL,NULL
12,129,10,9100,3905,1525,3099
12,131,10,NULL,NULL,NULL,NULL
12,133,10,378,476,265,1882
13,0,NULL,68345,NULL,NULL,NULL
13,1,90,NULL,NULL,NULL,NULL
13,3,80,46,34,NULL,2150
13,5,90,NULL,NULL,NULL,NULL
13,7,70,NULL,NULL,NULL,NULL
13,9,50,3,NULL,NULL,42
13,11,30,23,52,167,296
13,13,20,NULL,NULL,NULL,NULL
13,15,10,12,113,131,755
13,17,80,NULL,NULL,NULL,NULL
13,19,80,604,NULL,96,188
13,21,50,NULL,NULL,NULL,NULL
13,23,50,NULL,NULL,NULL,NULL
13,25,90,NULL,NULL,NULL,NULL
13,27,80,NULL,NULL,NULL,NULL
13,29,90,75,NULL,NULL,NULL
13,31,60,1014,284,18,208
13,33,60,NULL,NULL,NULL,NULL
13,35,50,13,NULL,NULL,18
13,37,70,NULL,NULL,NULL,NULL
13,39,90,NULL,NULL,NULL,NULL
13,43,60,NULL,NULL,NULL,NULL
13,45,40,245,28,32,228
13,47,10,NULL,NULL,NULL,NULL
13,49,90,NULL,NULL,NULL,NULL
13,51,90,NULL,NULL,NULL,NULL
13,55,10,45,51,60,95
13,57,20,18,261,72,62
13,59,20,NULL,NULL,NULL,NULL
13,61,70,NULL,NULL,NULL,NULL
13,63,40,NULL,NULL,NULL,NULL
13,65,80,12650,26700,17236,34296
13,67,20,168,208,216,301
13,69,80,1622,8410,4862,3846
13,71,80,NULL,NULL,NULL,NULL
13,73,60,NULL,NULL,NULL,NULL
13,75,80,NULL,NULL,NULL,NULL
13,77,40,6,26,80,124
13,79,50,NULL,NULL,NULL,NULL
13,81,80,NULL,NULL,NULL,NULL
13,83,10,NULL,NULL,NULL,NULL
13,85,20,27,11,25,24
13,87,70,15,NULL,40,6
13,89,20,NULL,NULL,NULL,NULL
13,91,50,71,NULL,188,17
13,93,80,NULL,NULL,NULL,NULL
13,95,70,NULL,NULL,NULL,NULL
13,97,40,6,32,19,133
13,99,70,6,144,NULL,NULL
13,101,80,4243,7800,6186,3900
13,103,60,NULL,NULL,NULL,NULL
13,105,30,18,NULL,101,61
13,107,60,NULL,NULL,NULL,NULL
13,109,90,NULL,NULL,NULL,NULL
13,111,20,1128,349,191,70
13,113,40,NULL,NULL,NULL,NULL
13,115,10,16,58,49,49
13,117,20,482,NULL,142,35
13,119,30,4,174,49,221
13,121,20,29,42,71,194
13,123,20,NULL,NULL,NULL,NULL
13,127,90,460,NULL,NULL,50
13,129,10,6,96,27,41
13,131,70,NULL,NULL,NULL,NULL
13,133,50,NULL,NULL,NULL,NULL
13,135,20,5,NULL,35,9
13,137,30,NULL,NULL,NULL,NULL
13,139,20,703,NULL,67,717
13,141,50,NULL,NULL,NULL,NULL
13,143,40,NULL,NULL,NULL,NULL
13,145,40,NULL,NULL,NULL,NULL
13,147,30,75,124,133,108
13,149,40,NULL,NULL,NULL,NULL
13,151,40,5,14,93,89
13,153,50,6,124,NULL,82
13,155,80,NULL,NULL,NULL,NULL
13,157,20,17,40,170,263
13,159,50,NULL,NULL,NULL,NULL
13,161,80,1200,NULL,32,NULL
13,163,60,NULL,NULL,NULL,NULL
13,165,60,NULL,NULL,NULL,NULL
13,167,50,NULL,NULL,NULL,NULL
13,169,50,NULL,NULL,NULL,NULL
13,171,40,NULL,NULL,NULL,NULL
13,173,80,1676,NULL,NULL,218
13,175,50,75,55,116,238
13,177,70,NULL,NULL,NULL,NULL
13,179,90,NULL,NULL,NULL,NULL
13,181,30,NULL,NULL,NULL,NULL
13,183,90,NULL,NULL,NULL,NULL
13,185,80,6,NULL,NULL,284
13,187,20,NULL,NULL,NULL,NULL
13,189,60,NULL,NULL,NULL,NULL
13,191,90,NULL,NULL,NULL,NULL
13,193,40,NULL,NULL,NULL,NULL
13,195,30,10,103,266,337
13,197,40,NULL,NULL,NULL,NULL
13,199,40,NULL,NULL,NULL,NULL
13,201,70,NULL,NULL,NULL,NULL
13,205,70,NULL,NULL,NULL,NULL
13,207,50,34,13,137,405
13,209,50,NULL,NULL,NULL,NULL
13,211,50,NULL,NULL,NULL,NULL
13,213,10,NULL,NULL,NULL,NULL
13,215,40,NULL,NULL,NULL,NULL
13,217,50,20,47,71,49
13,219,20,145,342,433,108
13,221,30,NULL,NULL,NULL,NULL
13,223,10,20,NULL,13,78
13,225,50,5,NULL,607,111
13,227,20,NULL,NULL,NULL,NULL
13,229,90,NULL,NULL,NULL,NULL
13,231,40,NULL,NULL,NULL,NULL
13,233,10,NULL,NULL,NULL,NULL
13,235,50,NULL,NULL,NULL,NULL
13,237,50,3,NULL,60,59
13,241,30,501,604,559,485
13,245,60,NULL,NULL,NULL,NULL
13,247,50,NULL,NULL,NULL,NULL
13,249,40,NULL,NULL,NULL,NULL
13,251,60,NULL,NULL,NULL,NULL
13,253,70,NULL,NULL,NULL,NULL
13,255,40,NULL,NULL,NULL,NULL
13,257,30,NULL,NULL,NULL,NULL
13,259,70,NULL,NULL,NULL,NULL
13,261,70,360,NULL,NULL,NULL
13,263,40,NULL,NULL,NULL,NULL
13,265,50,NULL,NULL,NULL,NULL
13,267,90,NULL,NULL,NULL,NULL
13,269,40,NULL,NULL,NULL,NULL
13,271,80,62,NULL,14,NULL
13,273,70,NULL,NULL,NULL,NULL
13,275,70,NULL,NULL,NULL,NULL
13,277,80,NULL,NULL,NULL,NULL
13,279,90,NULL,NULL,NULL,NULL
13,281,20,300,6,16,32
13,283,50,NULL,NULL,NULL,NULL
13,285,40,NULL,NULL,NULL,NULL
13,287,80,2002,NULL,NULL,NULL
13,289,50,NULL,NULL,NULL,NULL
13,291,20,90,371,124,119
13,293,40,NULL,NULL,NULL,NULL
13,295,10,31,45,53,129
13,297,20,128,NULL,18,71
13,299,90,3105,2660,NULL,4395
13,301,60,NULL,NULL,NULL,NULL
13,303,50,NULL,NULL,NULL,NULL
13,305,90,NULL,NULL,NULL,NULL
13,307,70,NULL,NULL,NULL,NULL
13,309,50,NULL,NULL,NULL,NULL
13,311,20,1434,NULL,NULL,NULL
13,313,10,28,26,36,NULL
13,315,80,NULL,NULL,NULL,NULL
13,317,30,3,30,27,32
13,319,50,NULL,NULL,NULL,NULL
13,321,80,NULL,NULL,NULL,NULL
15,0,NULL,14365,NULL,NULL,NULL
15,1,11,10859,13240,6821,16444
15,3,62,527,862,982,1291
15,7,24,2080,1955,399,1063
15,9,35,899,608,428,1064
16,0,NULL,92555,NULL,NULL,NULL
16,1,70,NULL,NULL,NULL,NULL
16,3,70,NULL,NULL,NULL,NULL
16,5,90,5,8,130,54
16,7,90,NULL,NULL,NULL,NULL
16,9,10,NULL,NULL,NULL,NULL
16,11,90,6675,NULL,NULL,12517
16,13,80,NULL,NULL,NULL,NULL
16,15,70,NULL,NULL,NULL,NULL
16,17,10,NULL,NULL,NULL,NULL
16,19,90,NULL,NULL,NULL,NULL
16,21,10,NULL,NULL,NULL,NULL
16,25,80,NULL,NULL,NULL,NULL
16,27,70,20157,17873,14025,20968
16,29,90,NULL,NULL,NULL,NULL
16,31,80,NULL,NULL,NULL,NULL
16,35,10,NULL,NULL,NULL,NULL
16,37,90,NULL,NULL,NULL,NULL
16,39,70,NULL,NULL,NULL,NULL
16,41,90,NULL,NULL,NULL,NULL
16,43,90,NULL,NULL,NULL,NULL
16,45,70,NULL,NULL,NULL,NULL
16,47,80,NULL,NULL,NULL,NULL
16,49,10,NULL,NULL,NULL,NULL
16,51,90,376,600,511,NULL
16,53,80,NULL,NULL,NULL,NULL
16,55,10,NULL,NULL,NULL,NULL
16,57,10,NULL,NULL,NULL,NULL
16,59,90,NULL,NULL,NULL,NULL
16,61,10,NULL,NULL,NULL,NULL
16,63,80,NULL,NULL,NULL,NULL
16,65,90,601,NULL,3704,NULL
16,67,80,NULL,NULL,NULL,NULL
16,69,10,3221,4379,3533,NULL
16,71,90,NULL,NULL,NULL,NULL
16,73,70,4901,11001,15400,9553
16,75,70,NULL,NULL,NULL,NULL
16,77,90,NULL,NULL,NULL,NULL
16,79,10,NULL,NULL,NULL,NULL
16,81,90,NULL,NULL,NULL,NULL
16,83,80,9521,9363,NULL,NULL
16,85,70,NULL,NULL,NULL,NULL
16,87,70,3500,5971,3033,3829
17,0,NULL,5245,NULL,NULL,NULL
17,1,30,NULL,NULL,NULL,NULL
17,3,80,NULL,NULL,NULL,NULL
17,5,60,18,15,52,73
17,7,20,218,NULL,67,75
17,9,30,NULL,NULL,NULL,NULL
17,11,10,NULL,NULL,NULL,NULL
17,13,60,NULL,NULL,NULL,NULL
17,15,10,NULL,NULL,NULL,NULL
17,17,60,NULL,NULL,NULL,NULL
17,19,50,89,271,311,429
17,21,60,10,NULL,35,98
17,23,70,NULL,NULL,NULL,NULL
17,25,70,NULL,NULL,NULL,NULL
17,27,80,12,NULL,10,216
17,29,70,NULL,NULL,NULL,NULL
17,31,20,197,1479,424,1337
17,33,70,NULL,NULL,NULL,NULL
17,35,70,NULL,NULL,NULL,NULL
17,37,20,73,NULL,99,141
17,39,40,NULL,NULL,NULL,NULL
17,41,70,11,7,23,48
17,43,20,NULL,NULL,NULL,NULL
17,45,70,NULL,NULL,NULL,NULL
17,47,90,NULL,NULL,NULL,NULL
17,49,70,NULL,NULL,NULL,NULL
17,51,70,26,62,80,215
17,53,50,NULL,NULL,NULL,NULL
17,55,90,45,68,61,77
17,57,30,27,18,52,143
17,59,90,NULL,NULL,NULL,NULL
17,61,60,NULL,NULL,NULL,NULL
17,63,20,NULL,NULL,NULL,NULL
17,65,90,NULL,NULL,NULL,NULL
17,67,30,NULL,NULL,NULL,NULL
17,69,90,NULL,NULL,NULL,NULL
17,71,30,NULL,NULL,NULL,NULL
17,73,10,NULL,NULL,NULL,NULL
17,75,50,NULL,NULL,NULL,NULL
17,77,80,30,90,153,487
17,79,70,NULL,NULL,NULL,NULL
17,81,90,29,9,85,262
17,83,60,NULL,NULL,NULL,NULL
17,85,10,60,45,73,158
17,87,80,NULL,NULL,NULL,NULL
17,89,20,559,628,920,629
17,91,50,NULL,NULL,NULL,NULL
17,93,20,17,148,179,234
17,95,30,183,10,189,91
17,97,20,28,45,366,878
17,99,20,NULL,NULL,NULL,NULL
17,101,70,12,18,6,112
17,103,10,NULL,NULL,NULL,NULL
17,105,50,5,13,38,17
17,107,40,163,NULL,321,51
17,109,30,NULL,NULL,NULL,NULL
17,111,20,802,NULL,1008,459
17,113,40,113,120,32,85
17,115,40,NULL,NULL,NULL,NULL
17,117,60,NULL,NULL,NULL,NULL
17,119,60,121,78,85,222
17,121,70,NULL,NULL,NULL,NULL
17,123,40,NULL,NULL,NULL,NULL
17,125,40,NULL,NULL,NULL,NULL
17,127,90,NULL,NULL,NULL,NULL
17,129,40,NULL,NULL,NULL,NULL
17,131,10,NULL,NULL,NULL,NULL
17,133,80,NULL,NULL,NULL,NULL
17,135,60,26,58,39,106
17,137,60,NULL,NULL,NULL,NULL
17,139,70,6,NULL,83,87
17,141,10,37,63,87,169
17,143,40,46,94,176,129
17,145,80,157,328,155,247
17,147,50,19,NULL,28,18
17,149,60,NULL,NULL,NULL,NULL
17,151,90,NULL,NULL,NULL,NULL
17,153,80,NULL,NULL,NULL,NULL
17,155,10,NULL,NULL,NULL,NULL
17,157,80,NULL,NULL,NULL,NULL
17,159,70,NULL,NULL,NULL,NULL
17,161,10,NULL,NULL,NULL,NULL
17,163,80,423,80,170,363
17,165,90,6,NULL,22,NULL
17,167,60,NULL,NULL,NULL,NULL
17,169,30,NULL,NULL,NULL,NULL
17,171,60,NULL,NULL,NULL,NULL
17,173,70,10,45,60,63
17,175,40,NULL,NULL,NULL,NULL
17,177,10,NULL,NULL,NULL,NULL
17,179,40,245,NULL,NULL,45
17,181,80,46,8,6,48
17,183,50,45,221,52,133
17,185,90,NULL,NULL,NULL,NULL
17,187,30,NULL,NULL,NULL,NULL
17,189,80,NULL,NULL,NULL,NULL
17,191,90,28,49,181,582
17,193,90,NULL,NULL,NULL,NULL
17,195,10,17,30,216,229
17,197,20,69,11,125,512
17,199,80,13,22,86,200
17,201,10,NULL,NULL,NULL,NULL
17,203,40,NULL,NULL,NULL,NULL
18,0,NULL,9996,NULL,NULL,NULL
18,1,30,247,480,458,853
18,3,30,132,190,337,188
18,5,50,23,11,23,38
18,7,10,NULL,NULL,NULL,NULL
18,9,60,NULL,NULL,NULL,NULL
18,11,50,NULL,NULL,NULL,NULL
18,13,80,29,9,24,65
18,15,20,70,37,60,42
18,17,20,6,NULL,28,43
18,19,90,5,13,64,54
18,21,40,NULL,NULL,NULL,NULL
18,23,50,37,98,80,180
18,25,80,232,155,85,43
18,27,70,15,15,89,143
18,29,90,31,41,34,213
18,31,50,NULL,NULL,NULL,NULL
18,33,30,NULL,NULL,NULL,NULL
18,35,60,NULL,NULL,NULL,NULL
18,37,70,NULL,NULL,NULL,NULL
18,39,20,412,77,406,196
18,41,60,NULL,NULL,NULL,NULL
18,43,80,NULL,NULL,NULL,NULL
18,45,40,NULL,NULL,NULL,NULL
18,47,90,24,NULL,30,88
18,49,20,44,NULL,32,NULL
18,51,70,564,NULL,NULL,15
18,53,50,5,56,53,85
18,55,70,41,6,44,150
18,57,50,603,NULL,548,179
18,59,50,9,24,141,100
18,61,80,37,22,57,189
18,63,50,98,90,131,223
18,65,60,NULL,NULL,NULL,NULL
18,67,50,NULL,NULL,NULL,NULL
18,69,30,NULL,NULL,NULL,NULL
18,71,80,NULL,NULL,NULL,NULL
18,73,10,40,23,38,146
18,75,60,161,38,67,34
18,77,90,9,29,44,282
18,79,90,9,221,75,98
18,81,50,9,27,142,336
18,83,70,NULL,NULL,NULL,NULL
18,85,20,NULL,NULL,NULL,NULL
18,87,30,563,193,446,449
18,89,10,NULL,NULL,NULL,NULL
18,91,10,53,319,63,219
18,93,80,NULL,NULL,NULL,NULL
18,95,50,42,59,190,276
18,97,50,NULL,NULL,NULL,NULL
18,99,20,157,171,186,200
18,101,70,216,NULL,NULL,46
18,103,20,NULL,NULL,NULL,NULL
18,105,80,404,NULL,71,93
18,107,40,NULL,NULL,NULL,NULL
18,109,50,49,NULL,189,556
18,111,10,NULL,NULL,NULL,NULL
18,113,30,12,101,229,246
18,115,90,NULL,NULL,NULL,NULL
18,117,80,3,4,58,41
18,119,40,13,44,31,46
18,121,40,NULL,NULL,NULL,NULL
18,123,80,18,35,17,89
18,125,70,120,12,NULL,33
18,127,10,184,207,144,430
18,129,70,7,NULL,NULL,NULL
18,131,10,NULL,NULL,NULL,NULL
18,133,40,177,127,208,198
18,135,60,20,10,64,43
18,137,90,8,125,54,318
18,139,50,NULL,NULL,NULL,NULL
18,141,20,1137,621,212,281
18,143,90,4,31,17,111
18,145,50,120,NULL,45,44
18,147,70,NULL,NULL,NULL,NULL
18,149,10,56,20,40,90
18,151,30,NULL,NULL,NULL,NULL
18,153,70,NULL,NULL,NULL,NULL
18,155,90,11,10,46,240
18,157,40,73,136,164,141
18,159,50,NULL,NULL,NULL,NULL
18,161,60,NULL,NULL,NULL,NULL
18,163,70,NULL,NULL,NULL,NULL
18,165,40,NULL,NULL,NULL,NULL
18,167,40,11,9,85,78
18,169,20,NULL,NULL,NULL,NULL
18,171,40,NULL,NULL,NULL,NULL
18,173,70,NULL,NULL,NULL,NULL
18,175,80,NULL,NULL,NULL,NULL
18,177,60,92,135,330,287
18,179,30,18,13,21,37
18,181,10,NULL,NULL,NULL,NULL
18,183,30,17,39,39,18
19,0,NULL,30641,NULL,NULL,NULL
19,1,70,NULL,NULL,NULL,NULL
19,3,70,NULL,NULL,NULL,NULL
19,5,30,1365,978,NULL,723
19,7,80,31,NULL,47,38
19,9,40,532,45,48,12
19,11,60,NULL,NULL,NULL,NULL
19,13,30,NULL,NULL,NULL,NULL
19,15,50,11,116,16,84
19,17,30,204,NULL,71,236
19,19,30,61,77,406,222
19,21,10,NULL,NULL,NULL,NULL
19,23,20,NULL,NULL,NULL,NULL
19,25,40,NULL,NULL,NULL,NULL
19,27,40,NULL,NULL,NULL,NULL
19,29,70,NULL,NULL,NULL,NULL
19,31,60,103,105,116,192
19,33,20,NULL,NULL,NULL,NULL
19,35,10,NULL,NULL,NULL,NULL
19,37,30,NULL,NULL,NULL,NULL
19,39,80,NULL,NULL,NULL,NULL
19,41,10,NULL,NULL,NULL,NULL
19,43,30,709,NULL,NULL,3021
19,45,60,NULL,NULL,NULL,NULL
19,47,40,NULL,NULL,NULL,NULL
19,49,50,NULL,NULL,NULL,NULL
19,51,90,112,82,166,105
19,53,80,NULL,NULL,NULL,NULL
19,55,30,NULL,NULL,NULL,NULL
19,57,90,NULL,NULL,NULL,NULL
19,59,10,NULL,NULL,NULL,NULL
19,61,30,260,357,NULL,99
19,63,10,NULL,NULL,NULL,NULL
19,65,30,NULL,NULL,NULL,NULL
19,67,20,NULL,NULL,NULL,NULL
19,69,20,NULL,NULL,NULL,NULL
19,71,70,NULL,NULL,NULL,NULL
19,73,40,NULL,NULL,NULL,NULL
19,75,50,NULL,NULL,NULL,NULL
19,77,40,NULL,NULL,NULL,NULL
19,79,50,NULL,NULL,NULL,NULL
19,81,20,NULL,NULL,NULL,NULL
19,83,50,NULL,NULL,NULL,NULL
19,85,40,NULL,NULL,NULL,NULL
19,87,90,16,8,53,87
19,89,30,NULL,NULL,NULL,NULL
19,91,20,14,66,NULL,75
19,93,40,NULL,NULL,NULL,NULL
19,95,60,NULL,NULL,NULL,NULL
19,97,60,NULL,NULL,NULL,NULL
19,99,50,418,769,NULL,NULL
19,101,90,NULL,NULL,NULL,NULL
19,103,60,74,92,60,220
19,105,60,NULL,NULL,NULL,NULL
19,107,90,NULL,NULL,NULL,NULL
19,109,20,NULL,NULL,NULL,NULL
19,111,90,NULL,NULL,NULL,NULL
19,113,60,752,380,314,319
19,115,90,NULL,NULL,NULL,NULL
19,117,80,NULL,NULL,NULL,NULL
19,119,10,NULL,NULL,NULL,NULL
19,121,80,10,66,38,87
19,123,90,52,13,58,86
19,125,80,NULL,NULL,NULL,NULL
19,127,50,NULL,NULL,NULL,NULL
19,129,70,NULL,NULL,NULL,NULL
19,131,20,11,7,51,23
19,133,40,NULL,NULL,NULL,NULL
19,135,80,33,NULL,17,17
19,137,70,NULL,NULL,NULL,NULL
19,139,60,NULL,NULL,NULL,NULL
19,141,10,NULL,NULL,NULL,NULL
19,143,10,NULL,NULL,NULL,NULL
19,145,70,1791,1174,16,NULL
19,147,10,NULL,NULL,NULL,NULL
19,149,10,NULL,NULL,NULL,NULL
19,151,10,NULL,NULL,NULL,NULL
19,153,50,276,179,112,320
19,155,70,882,607,25,69
19,157,50,NULL,NULL,NULL,NULL
19,159,80,NULL,NULL,NULL,NULL
19,161,40,NULL,NULL,NULL,NULL
19,163,60,NULL,NULL,NULL,NULL
19,165,40,NULL,NULL,NULL,NULL
19,167,10,NULL,NULL,NULL,NULL
19,169,50,130,NULL,51,309
19,171,50,NULL,NULL,NULL,NULL
19,173,70,NULL,NULL,NULL,NULL
19,175,80,NULL,NULL,NULL,NULL
19,177,90,17,78,123,126
19,179,90,NULL,NULL,NULL,NULL
19,181,80,13,161,153,126
19,183,90,247,242,305,263
19,185,80,NULL,NULL,NULL,NULL
19,187,50,NULL,NULL,NULL,NULL
19,189,20,NULL,NULL,NULL,NULL
19,191,30,217,NULL,62,359
19,193,40,1003,1344,1077,957
19,195,20,NULL,NULL,NULL,NULL
19,197,20,NULL,NULL,NULL,NULL
20,0,NULL,15035,NULL,NULL,NULL
20,1,90,NULL,NULL,NULL,NULL
20,3,80,NULL,NULL,NULL,NULL
20,5,70,NULL,NULL,NULL,NULL
20,9,50,NULL,NULL,NULL,NULL
20,11,90,15,148,52,109
20,13,70,57,22,6,NULL
20,15,90,49,95,57,369
20,17,80,NULL,NULL,NULL,NULL
20,19,90,NULL,NULL,NULL,NULL
20,21,90,NULL,NULL,NULL,NULL
20,23,10,NULL,NULL,NULL,NULL
20,25,30,NULL,NULL,NULL,NULL
20,27,40,NULL,NULL,NULL,NULL
20,29,40,NULL,NULL,NULL,NULL
20,31,80,14,74,27,62
20,33,60,NULL,NULL,NULL,NULL
20,35,90,11,35,49,70
20,37,90,77,NULL,41,47
20,41,50,NULL,NULL,NULL,NULL
20,43,70,NULL,NULL,NULL,NULL
20,45,80,120,167,110,76
20,49,90,NULL,NULL,NULL,NULL
20,51,50,NULL,NULL,NULL,NULL
20,53,50,NULL,NULL,NULL,NULL
20,55,30,NULL,NULL,NULL,NULL
20,57,30,NULL,NULL,NULL,NULL
20,59,80,51,63,41,92
20,61,80,NULL,NULL,NULL,NULL
20,63,20,178,63,NULL,NULL
20,65,10,NULL,NULL,NULL,NULL
20,73,90,NULL,NULL,NULL,NULL
20,75,30,NULL,NULL,NULL,NULL
20,77,60,NULL,NULL,NULL,NULL
20,79,60,NULL,NULL,NULL,NULL
20,83,30,NULL,NULL,NULL,NULL
20,85,70,154,87,36,44
20,87,70,114,54,96,132
20,91,80,329,391,691,592
20,95,60,NULL,NULL,NULL,NULL
20,97,60,NULL,NULL,NULL,NULL
20,99,90,NULL,NULL,NULL,NULL
20,103,70,43,23,208,229
20,105,50,NULL,NULL,NULL,NULL
20,107,80,NULL,NULL,NULL,NULL
20,109,20,NULL,NULL,NULL,NULL
20,111,80,NULL,NULL,NULL,NULL
20,113,50,NULL,NULL,NULL,NULL
20,115,50,NULL,NULL,NULL,NULL
20,117,70,NULL,NULL,NULL,NULL
20,119,30,NULL,NULL,NULL,NULL
20,121,80,77,159,100,216
20,123,40,NULL,NULL,NULL,NULL
20,125,90,27,11,28,77
20,127,80,NULL,NULL,NULL,NULL
20,131,70,NULL,NULL,NULL,NULL
20,133,90,16,14,15,48
20,135,20,NULL,NULL,NULL,NULL
20,137,10,NULL,NULL,NULL,NULL
20,139,80,5,60,63,116
20,141,40,NULL,NULL,NULL,NULL
20,143,40,NULL,NULL,NULL,NULL
20,145,60,NULL,NULL,NULL,NULL
20,147,40,NULL,NULL,NULL,NULL
20,149,70,NULL,NULL,NULL,NULL
20,151,60,NULL,NULL,NULL,NULL
20,153,10,NULL,NULL,NULL,NULL
20,155,60,54,15,111,128
20,157,40,504,NULL,NULL,46
20,159,50,NULL,NULL,NULL,NULL
20,161,70,NULL,NULL,NULL,NULL
20,163,40,NULL,NULL,NULL,NULL
20,167,50,NULL,NULL,NULL,NULL
20,169,50,NULL,NULL,NULL,NULL
20,171,20,NULL,NULL,NULL,NULL
20,173,60,221,192,156,175
20,177,80,4,9,33,172
20,179,10,NULL,NULL,NULL,NULL
20,181,10,NULL,NULL,NULL,NULL
20,183,40,NULL,NULL,NULL,NULL
20,185,60,NULL,NULL,NULL,NULL
20,191,60,NULL,NULL,NULL,NULL
20,193,10,NULL,NULL,NULL,NULL
20,195,20,NULL,NULL,NULL,NULL
20,197,80,6,4,15,NULL
20,201,40,4371,4800,NULL,46
20,205,90,104,40,38,16
20,207,90,NULL,NULL,NULL,NULL
20,209,70,NULL,NULL,NULL,NULL
21,0,NULL,6850,NULL,NULL,NULL
21,1,30,8,69,186,192
21,3,30,234,275,235,553
21,5,50,51,78,101,132
21,7,10,NULL,NULL,NULL,NULL
21,9,30,37,183,369,390
21,11,50,7,44,93,75
21,13,60,NULL,NULL,NULL,NULL
21,15,40,206,132,170,158
21,17,50,201,54,71,65
21,19,60,16,8,23,59
21,21,50,47,54,34,53
21,23,40,9,38,111,72
21,25,60,12,10,50,110
21,27,30,95,66,102,168
21,29,30,49,13,45,114
21,31,30,17,34,51,77
21,33,20,NULL,NULL,NULL,NULL
21,35,10,68,NULL,18,28
21,37,40,151,48,74,202
21,39,10,NULL,NULL,NULL,NULL
21,41,40,25,32,18,36
21,43,60,14,108,97,53
21,45,30,37,19,96,115
21,47,20,55,188,126,269
21,49,50,72,104,168,153
21,51,60,65,76,85,139
21,53,30,151,21,44,21
21,55,20,24,67,110,91
21,57,30,20,NULL,61,49
21,59,20,NULL,NULL,NULL,NULL
21,61,30,NULL,NULL,NULL,NULL
21,63,60,82,65,50,50
21,65,60,45,66,24,62
21,67,50,38,109,120,236
21,69,50,4,61,44,140
21,71,60,NULL,NULL,NULL,NULL
21,73,50,NULL,NULL,NULL,NULL
21,75,10,NULL,NULL,NULL,NULL
21,77,40,NULL,NULL,NULL,NULL
21,79,50,415,NULL,NULL,168
21,81,40,59,72,130,198
21,83,10,NULL,NULL,NULL,NULL
21,85,30,57,77,83,150
21,87,30,NULL,NULL,NULL,NULL
21,89,60,20,28,87,51
21,91,20,NULL,NULL,NULL,NULL
21,93,30,828,161,332,431
21,95,60,NULL,NULL,NULL,NULL
21,97,50,26,79,182,246
21,99,30,51,337,142,303
21,101,20,NULL,NULL,NULL,NULL
21,103,40,72,66,99,157
21,105,10,NULL,NULL,NULL,NULL
